metric,value
auc_roc,0.883103181710332
auc_pr,0.8557585653860875
ece,0.01389585552837339
