metric,value
auc_roc,0.9155380306917438
auc_pr,0.9895553672686379
ece,0.09894326658964074
