metric,value
auc_roc,0.7841399664651033
auc_pr,0.9306124262380937
ece,0.07278595889391258
